status_2022_final,switch_type,count,row_total,row_pct
Died,Died,1250,1250,100
FFS,FFS_stay,8492,8781,96.70880309759708
FFS,MA_to_FFS,289,8781,3.2911969024029153
MA,FFS_to_MA,777,7261,10.701005371160997
MA,MA_stay,5630,7261,77.53752926594133
MA,MA_switch,854,7261,11.761465362897672
