status_2021,status_2022_final,switch_type,count,row_total,row_pct
FFS,Died,Died,1110,10746,10.329424902289224
FFS,FFS,FFS_stay,9137,10746,85.02698678578075
FFS,MA,FFS_to_MA,499,10746,4.643588311930021
MA,Died,Died,722,6793,10.628588252612984
MA,FFS,MA_to_FFS,202,6793,2.973649344913882
MA,MA_stay,MA_stay,5212,6793,76.72604151332254
MA,MA_switch,MA_switch,657,6793,9.671720889150595
