adrd_present,dementia,count,total_adrd_group,pct
0,0,10302,17292,59.576682859125604
0,1,6990,17292,40.423317140874396
1,0,2711,5076,53.40819542947202
1,1,2365,5076,46.59180457052798
